Workbook

Sheet BD_Codos
A1: DN mm | B1: DN equiv. | C1: R mm | D1: Le min mm | E1: Z 30° mm | F1: Z 45° mm | G1: Z 60° mm | H1: Z 90° mm
A2: 110 | B2: 4" | C2: 165 | D2: 150 | E2: 194 | F2: 218 | G2: 245 | H2: 315
A3: 125 | B3: 5" | C3: 188 | D3: 150 | E3: 200 | F3: 228 | G3: 258 | H3: 338
A4: 140 | B4: 5 1/2" | C4: 210 | D4: 150 | E4: 206 | F4: 237 | G4: 271 | H4: 360
A5: 160 | B5: 6" | C5: 240 | D5: 150 | E5: 214 | F5: 249 | G5: 288 | H5: 390
A6: 180 | B6: 6" | C6: 270 | D6: 150 | E6: 222 | F6: 262 | G6: 305 | H6: 420
A7: 200 | B7: 8" | C7: 300 | D7: 150 | E7: 230 | F7: 274 | G7: 323 | H7: 450
A8: 225 | B8: 8" | C8: 338 | D8: 150 | E8: 241 | F8: 290 | G8: 345 | H8: 488
A9: 250 | B9: 10" | C9: 375 | D9: 250 | E9: 350 | F9: 412 | G9: 466 | H9: 625
A10: 280 | B10: 10" | C10: 420 | D10: 250 | E10: 362 | F10: 424 | G10: 492 | H10: 670
A11: 315 | B11: 12" | C11: 473 | D11: 300 | E11: 428 | F11: 498 | G11: 576 | H11: 773
A12: 355 | B12: 14" | C12: 533 | D12: 300 | E12: 443 | F12: 520 | G12: 608 | H12: 833
A13: 400 | B13: 16" | C13: 600 | D13: 300 | E13: 461 | F13: 548 | G13: 646 | H13: 900
... A24: 1600 | B24: 64" | C24: 2400 | D24: 400 | E24: 1043 | F24: 1394 | G24: 1786 | H24: 2800

Sheet BD_PN
A1: DN mm | B1: PN4 | C1: PN6 | D1: PN8 | E1: PN10 | F1: PN12,5 | G1: PN16 | H1: PN20 | J1: SDR por PN
A2: 110 | B2: 2.7 | C2: 4 | D2: 5.3 | E2: 6.6 | F2: 8.1 | G2: 10 | H2: 12.3 | J2: PN4 | K2: 41
A3: 125 | B3: 3.1 | C3: 4.6 | D3: 6 | E3: 7.4 | F3: 9.2 | G3: 11.4 | H3: 14 | J3: PN6 | K3: 27.6
A4: 140 | B4: 3.5 | C4: 5.1 | D4: 6.7 | E4: 8.3 | F4: 10.3 | G4: 12.7 | H4: 15.7 | J4: PN8 | K4: 21
A5: 160 | B5: 4 | C5: 5.8 | D5: 7.7 | E5: 9.5 | F5: 11.8 | G5: 14.6 | H5: 17.9 | J5: PN10 | K5: 17
A6: 180 | B6: 4.4 | C6: 6.6 | D6: 8.6 | E6: 10.7 | F6: 13.3 | G6: 16.4 | H6: 20.1 | J6: PN12,5 | K6: 13.6
A7: 200 | B7: 4.9 | C7: 7.3 | D7: 9.6 | E7: 11.9 | F7: 14.7 | G7: 18.2 | H7: 22.4 | J7: PN16 | K7: 11
A8: 225 | B8: 5.5 | C8: 8.2 | D8: 10.8 | E8: 13.4 | F8: 16.6 | G8: 20.5 | H8: 25.2 | J8: PN20 | K8: 9
A9: 250 | B9: 6.2 | C9: 9.1 | D9: 11.9 | E9: 14.8 | F9: 18.4 | G9: 22.7 | H9: 27.9
A10: 280 | B10: 6.9 | C10: 10.2 | D10: 13.4 | E10: 16.6 | F10: 20.6 | G10: 25.4 | H10: 31.3
A11: 315 | B11: 7.7 | C11: 11.4 | D11: 15 | E11: 18.7 | F11: 23.2 | G11: 28.6 | H11: 35.2
A12: 355 | B12: 8.7 | C12: 12.9 | D12: 16.9 | E12: 21.1 | F12: 26.1 | G12: 32.2 | H12: 39.7
A13: 400 | B13: 9.8 | C13: 14.5 | D13: 19.1 | E13: 23.7 | F13: 29.4 | G13: 36.3 | H13: 44.7
A14: 450 | B14: 11 | C14: 16.3 | D14: 21.5 | E14: 26.7 | F14: 33.1 | G14: 40.9 | H14: 50.3
A15: 500 | B15: 12.3 | C15: 18.1 | D15: 23.9 | E15: 29.7 | F15: 36.8 | G15: 45.4 | H15: 55.8
A16: 560 | B16: 13.7 | C16: 20.3 | D16: 26.7 | E16: 33.2 | F16: 41.2 | G16: 50.8 | H16: N/D
A17: 630 | B17: 15.4 | C17: 22.8 | D17: 30 | E17: 37.4 | F17: 46.2 | G17: 57.2 | H17: N/D
A18: 710 | B18: 17.4 | C18: 25.7 | D18: 33.9 | E18: 42.1 | F18: 52.2 | G18: N/D | H18: N/D
A19: 800 | B19: 19.6 | C19: 29 | D19: 38.1 | E19: 47.4 | F19: 58.8 | G19: N/D | H19: N/D
A20: 900 | B20: 22 | C20: 32.6 | D20: 42.9 | E20: 53.3 | F20: N/D | G20: N/D | H20: N/D
A21: 1000 | B21: 24.5 | C21: 36.2 | D21: 47.7 | E21: 59.3 | F21: N/D | G21: N/D | H21: N/D
A22: 1200 | B22: 29.4 | C22: 43.4 | D22: 57.2 | E22: N/D | F22: N/D | G22: N/D | H22: N/D
A23: 1400 | B23: 34.3 | C23: 50.6 | D23: N/D | E23: N/D | F23: N/D | G23: N/D | H23: N/D
A24: 1600 | B24: 39.2 | C24: 57.9 | D24: N/D | E24: N/D | F24: N/D | G24: N/D | H24: N/D

Sheet BUSCADOR
B1: BUSCADOR PARAMÉTRICO - CODOS SEGMENTADOS HDPE PE100
B3: Parámetro | C3: Selección
B4: Ángulo | C4: 90°
B5: PN | C5: PN10
B6: DN (mm) | C6: 110
B8: PARÁMETROS PARA MODELAR EN INVENTOR
B9: Diámetro exterior d | C9: =C6 -> 110 | D9: mm
B10: DN equivalente | C10: =VLOOKUP(C6,BD_Codos!$A$2:$H$24,2,FALSE) -> 4"
B11: Radio r | C11: =VLOOKUP(C6,BD_Codos!$A$2:$H$24,3,FALSE) -> 165 | D11: mm
B12: Le mín. | C12: =VLOOKUP(C6,BD_Codos!$A$2:$H$24,4,FALSE) -> 150 | D12: mm
B13: Z mín. | C13: =IF(C4="30°",VLOOKUP(C6,BD_Codos!$A$2:$H$24,5,FALSE),IF(C4="45°",VLOOKUP(C6,BD_Codos!$A$2:$H$24,6,FALSE),IF(C4="60°",VLOOKUP(C6,BD_Codos!$A$2:$H$24,7,FALSE),VLOOKUP(C6,BD_Codos!$A$2:$H$24,8,FALSE)))) -> 315 | D13: mm
B14: Espesor e | C14: =IF(C5="PN4",VLOOKUP(C6,BD_PN!$A$2:$H$24,2,FALSE),IF(C5="PN6",VLOOKUP(C6,BD_PN!$A$2:$H$24,3,FALSE),IF(C5="PN8",VLOOKUP(C6,BD_PN!$A$2:$H$24,4,FALSE),IF(C5="PN10",VLOOKUP(C6,BD_PN!$A$2:$H$24,5,FALSE),IF(C5="PN12,5",VLOOKUP(C6,BD_PN!$A$2:$H$24,6,FALSE),IF(C5="PN16",VLOOKUP(C6,BD_PN!$A$2:$H$24,7,FALSE),VLOOKUP(C6,BD_PN!$A$2:$H$24,8,FALSE))))))) -> 6.6 | D14: mm | F14: =165*2 -> 330
B15: SDR | C15: =IF(C5="PN4",41,IF(C5="PN6",27.6,IF(C5="PN8",21,IF(C5="PN10",17,IF(C5="PN12,5",13.6,IF(C5="PN16",11,9)))))) -> 17
B16: Diámetro interior aprox. | C16: =IF(ISNUMBER(C14),C9-2*C14,"N/D") -> 96.8 | D16: mm
B17: Configuración | C17: =IF(C4="90°","15° - 30° - 30° - 15°",IF(C4="60°","15° - 30° - 15°",IF(C4="45°","11,25° - 22,5° - 11,25°","Giro total 30° según esquema"))) -> 15° - 30° - 30° - 15°
B18: Estado PN/DN | C18: =IF(ISNUMBER(C14),"DISPONIBLE","NO INDICADO EN TABLA") -> DISPONIBLE
B20: CRITERIOS / FUENTE
B21: Norma fitting | C21: DIN 16963 Parte 1 - codos segmentados por termofusión.
B22: Norma tubería | C22: PE100 según ISO 4427 / ISO 4065.
B23: Radio | C23: r = 1,5 d según Tablas 6.1.1 y 6.1.2.
B24: Le / Z | C24: Dimensiones mínimas indicadas por el catálogo.
B25: Nota | C25: DN 1200 a 1600 figuran como valores no cubiertos por DIN 16963.

Sheet Codo 30
B1: CODO SEGMENTADO 30° - HDPE PE100
B3: Parámetro | C3: Valor | F3: DN equiv. | G3: DN mm | H3: R | I3: Le min | J3: Zmin | K3: PN4 | L3: PN6 | M3: PN8 | N3: PN10 | O3: PN12,5 | P3: PN16 | Q3: PN20
B4: Clase PN | C4: PN10 | F4: 4" | G4: 110 | H4: 165 | I4: 150 | J4: 194 | K4: 2.7 | L4: 4 | M4: 5.3 | N4: 6.6 | O4: 8.1 | P4: 10 | Q4: 12.3
B5: DN | C5: 110 | D5: mm | F5: 5" | G5: 125 | H5: 188 | I5: 150 | J5: 200 | K5: 3.1 | L5: 4.6 | M5: 6 | N5: 7.4 | O5: 9.2 | P5: 11.4 | Q5: 14
B6: R | C6: =VLOOKUP(C5,$G$4:$Q$26,2,FALSE) -> 165 | D6: mm | F6: 5 1/2" | G6: 140 | H6: 210 | I6: 150 | J6: 206 | K6: 3.5 | L6: 5.1 | M6: 6.7 | N6: 8.3 | O6: 10.3 | P6: 12.7 | Q6: 15.7
B7: Le | C7: =VLOOKUP(C5,$G$4:$Q$26,3,FALSE) -> 150 | D7: mm | F7: 6" | G7: 160 | H7: 240 | I7: 150 | J7: 214 | K7: 4 | L7: 5.8 | M7: 7.7 | N7: 9.5 | O7: 11.8 | P7: 14.6 | Q7: 17.9
B8: Z | C8: =VLOOKUP(C5,$G$4:$Q$26,4,FALSE) -> 194 | D8: mm | F8: 6" | G8: 180 | H8: 270 | I8: 150 | J8: 222 | K8: 4.4 | L8: 6.6 | M8: 8.6 | N8: 10.7 | O8: 13.3 | P8: 16.4 | Q8: 20.1
B9: e | C9: =IF(C4="PN4",VLOOKUP(C5,$G$4:$Q$26,5,FALSE),IF(C4="PN6",VLOOKUP(C5,$G$4:$Q$26,6,FALSE),IF(C4="PN8",VLOOKUP(C5,$G$4:$Q$26,7,FALSE),IF(C4="PN10",VLOOKUP(C5,$G$4:$Q$26,8,FALSE),IF(C4="PN12,5",VLOOKUP(C5,$G$4:$Q$26,9,FALSE),IF(C4="PN16",VLOOKUP(C5,$G$4:$Q$26,10,FALSE),VLOOKUP(C5,$G$4:$Q$26,11,FALSE))))))) -> 6.6 | F9: 8" | G9: 200 | H9: 300 | I9: 150 | J9: 230 | K9: 4.9 | L9: 7.3 | M9: 9.6 | N9: 11.9 | O9: 14.7 | P9: 18.2 | Q9: 22.4
B10: SDR | C10: =IF(C4="PN4",41,IF(C4="PN6",27.6,IF(C4="PN8",21,IF(C4="PN10",17,IF(C4="PN12,5",13.6,IF(C4="PN16",11,9)))))) -> 17 | D10: mm | F10: 8" | G10: 225 | H10: 338 | I10: 150 | J10: 241 | K10: 5.5 | L10: 8.2 | M10: 10.8 | N10: 13.4 | O10: 16.6 | P10: 20.5 | Q10: 25.2
B11: D int. | C11: =IF(ISNUMBER(C9),C5-2*C9,"N/D") -> 96.8 | F11: 10" | G11: 250 | H11: 375 | I11: 250 | J11: 350 | K11: 6.2 | L11: 9.1 | M11: 11.9 | N11: 14.8 | O11: 18.4 | P11: 22.7 | Q11: 27.9
B12: Configuración | C12: Giro total 30° según esquema de catálogo | F12: 10" | G12: 280 | H12: 420 | I12: 250 | J12: 362 | K12: 6.9 | L12: 10.2 | M12: 13.4 | N12: 16.6 | O12: 20.6 | P12: 25.4 | Q12: 31.3
F13: 12" | G13: 315 | H13: 473 | I13: 300 | J13: 428 | K13: 7.7 | L13: 11.4 | M13: 15 | N13: 18.7 | O13: 23.2 | P13: 28.6 | Q13: 35.2
B14: NOTAS DE DISEÑO | F14: 14" | G14: 355 | H14: 533 | I14: 300 | J14: 443 | K14: 8.7 | L14: 12.9 | M14: 16.9 | N14: 21.1 | O14: 26.1 | P14: 32.2 | Q14: 39.7
B15: Radio | C15: r = 1,5 d según catálogo. | F15: 16" | G15: 400 | H15: 600 | I15: 300 | J15: 461 | K15: 9.8 | L15: 14.5 | M15: 19.1 | N15: 23.7 | O15: 29.4 | P15: 36.3 | Q15: 44.7
B16: Norma fitting | C16: DIN 16963 Parte 1. | F16: 18" | G16: 450 | H16: 675 | I16: 300 | J16: 481 | K16: 11 | L16: 16.3 | M16: 21.5 | N16: 26.7 | O16: 33.1 | P16: 40.9 | Q16: 50.3
B17: Norma tubería | C17: PE100 ISO 4427 / ISO 4065. | F17: 20" | G17: 500 | H17: 750 | I17: 350 | J17: 551 | K17: 12.3 | L17: 18.1 | M17: 23.9 | N17: 29.7 | O17: 36.8 | P17: 45.4 | Q17: 55.8
B18: Unión | C18: Codo segmentado para soldadura por termofusión. | F18: 22" | G18: 560 | H18: 840 | I18: 350 | J18: 575 | K18: 13.7 | L18: 20.3 | M18: 26.7 | N18: 33.2 | O18: 41.2 | P18: 50.8 | Q18: N/D
B19: Fuente | C19: Catálogo HDPE 2.pdf - pág. 13. | F19: 24" | G19: 630 | H19: 945 | I19: 350 | J19: 603 | K19: 15.4 | L19: 22.8 | M19: 30 | N19: 37.4 | O19: 46.2 | P19: 57.2 | Q19: N/D
F20: 28" | G20: 710 | H20: 1065 | I20: 350 | J20: 636 | K20: 17.4 | L20: 25.7 | M20: 33.9 | N20: 42.1 | O20: 52.2 | P20: N/D | Q20: N/D
F21: 32" | G21: 800 | H21: 1200 | I21: 350 | J21: 672 | K21: 19.6 | L21: 29 | M21: 38.1 | N21: 47.4 | O21: 58.8 | P21: N/D | Q21: N/D
F22: 36" | G22: 900 | H22: 1350 | I22: 400 | J22: 762 | K22: 22 | L22: 32.6 | M22: 42.9 | N22: 53.3 | O22: N/D | P22: N/D | Q22: N/D
F23: 40" | G23: 1000 | H23: 1500 | I23: 400 | J23: 802 | K23: 24.5 | L23: 36.2 | M23: 47.7 | N23: 59.3 | O23: N/D | P23: N/D | Q23: N/D
F24: 48" | G24: 1200 | H24: 1800 | I24: 400 | J24: 882 | K24: 29.4 | L24: 43.4 | M24: 57.2 | N24: N/D | O24: N/D | P24: N/D | Q24: N/D
F25: 54" | G25: 1400 | H25: 2100 | I25: 400 | J25: 963 | K25: 34.3 | L25: 50.6 | M25: N/D | N25: N/D | O25: N/D | P25: N/D | Q25: N/D
F26: 64" | G26: 1600 | H26: 2400 | I26: 400 | J26: 1043 | K26: 39.2 | L26: 57.9 | M26: N/D | N26: N/D | O26: N/D | P26: N/D | Q26: N/D

Sheet Codo 45
B1: CODO SEGMENTADO 45° - HDPE PE100
B3: Parámetro | C3: Valor | F3: DN equiv. | G3: DN mm | H3: R | I3: Le min | J3: Zmin | K3: PN4 | L3: PN6 | M3: PN8 | N3: PN10 | O3: PN12,5 | P3: PN16 | Q3: PN20
B4: Clase PN | C4: PN10 | F4: 4" | G4: 110 | H4: 165 | I4: 150 | J4: 218 | K4: 2.7 | L4: 4 | M4: 5.3 | N4: 6.6 | O4: 8.1 | P4: 10 | Q4: 12.3
B5: DN | C5: 110 | D5: mm | F5: 5" | G5: 125 | H5: 188 | I5: 150 | J5: 228 | K5: 3.1 | L5: 4.6 | M5: 6 | N5: 7.4 | O5: 9.2 | P5: 11.4 | Q5: 14
B6: R | C6: =VLOOKUP(C5,$G$4:$Q$26,2,FALSE) -> 165 | D6: mm | F6: 5 1/2" | G6: 140 | H6: 210 | I6: 150 | J6: 237 | K6: 3.5 | L6: 5.1 | M6: 6.7 | N6: 8.3 | O6: 10.3 | P6: 12.7 | Q6: 15.7
B7: Le | C7: =VLOOKUP(C5,$G$4:$Q$26,3,FALSE) -> 150 | D7: mm | F7: 6" | G7: 160 | H7: 240 | I7: 150 | J7: 249 | K7: 4 | L7: 5.8 | M7: 7.7 | N7: 9.5 | O7: 11.8 | P7: 14.6 | Q7: 17.9
B8: Z | C8: =VLOOKUP(C5,$G$4:$Q$26,4,FALSE) -> 218 | D8: mm | F8: 6" | G8: 180 | H8: 270 | I8: 150 | J8: 262 | K8: 4.4 | L8: 6.6 | M8: 8.6 | N8: 10.7 | O8: 13.3 | P8: 16.4 | Q8: 20.1
B9: e | C9: =IF(C4="PN4",VLOOKUP(C5,$G$4:$Q$26,5,FALSE),IF(C4="PN6",VLOOKUP(C5,$G$4:$Q$26,6,FALSE),IF(C4="PN8",VLOOKUP(C5,$G$4:$Q$26,7,FALSE),IF(C4="PN10",VLOOKUP(C5,$G$4:$Q$26,8,FALSE),IF(C4="PN12,5",VLOOKUP(C5,$G$4:$Q$26,9,FALSE),IF(C4="PN16",VLOOKUP(C5,$G$4:$Q$26,10,FALSE),VLOOKUP(C5,$G$4:$Q$26,11,FALSE))))))) -> 6.6 | F9: 8" | G9: 200 | H9: 300 | I9: 150 | J9: 274 | K9: 4.9 | L9: 7.3 | M9: 9.6 | N9: 11.9 | O9: 14.7 | P9: 18.2 | Q9: 22.4
B10: SDR | C10: =IF(C4="PN4",41,IF(C4="PN6",27.6,IF(C4="PN8",21,IF(C4="PN10",17,IF(C4="PN12,5",13.6,IF(C4="PN16",11,9)))))) -> 17 | D10: mm | F10: 8" | G10: 225 | H10: 338 | I10: 150 | J10: 290 | K10: 5.5 | L10: 8.2 | M10: 10.8 | N10: 13.4 | O10: 16.6 | P10: 20.5 | Q10: 25.2
B11: D int. | C11: =IF(ISNUMBER(C9),C5-2*C9,"N/D") -> 96.8 | F11: 10" | G11: 250 | H11: 375 | I11: 250 | J11: 412 | K11: 6.2 | L11: 9.1 | M11: 11.9 | N11: 14.8 | O11: 18.4 | P11: 22.7 | Q11: 27.9
B12: Configuración | C12: 11,25° - 22,5° - 11,25° | F12: 10" | G12: 280 | H12: 420 | I12: 250 | J12: 424 | K12: 6.9 | L12: 10.2 | M12: 13.4 | N12: 16.6 | O12: 20.6 | P12: 25.4 | Q12: 31.3
F13: 12" | G13: 315 | H13: 473 | I13: 300 | J13: 498 | K13: 7.7 | L13: 11.4 | M13: 15 | N13: 18.7 | O13: 23.2 | P13: 28.6 | Q13: 35.2
B14: NOTAS DE DISEÑO | F14: 14" | G14: 355 | H14: 533 | I14: 300 | J14: 520 | K14: 8.7 | L14: 12.9 | M14: 16.9 | N14: 21.1 | O14: 26.1 | P14: 32.2 | Q14: 39.7
B15: Radio | C15: r = 1,5 d según catálogo. | F15: 16" | G15: 400 | H15: 600 | I15: 300 | J15: 548 | K15: 9.8 | L15: 14.5 | M15: 19.1 | N15: 23.7 | O15: 29.4 | P15: 36.3 | Q15: 44.7
B16: Norma fitting | C16: DIN 16963 Parte 1. | F16: 18" | G16: 450 | H16: 675 | I16: 300 | J16: 580 | K16: 11 | L16: 16.3 | M16: 21.5 | N16: 26.7 | O16: 33.1 | P16: 40.9 | Q16: 50.3
B17: Norma tubería | C17: PE100 ISO 4427 / ISO 4065. | F17: 20" | G17: 500 | H17: 750 | I17: 350 | J17: 665 | K17: 12.3 | L17: 18.1 | M17: 23.9 | N17: 29.7 | O17: 36.8 | P17: 45.4 | Q17: 55.8
B18: Unión | C18: Codo segmentado para soldadura por termofusión. | F18: 22" | G18: 560 | H18: 840 | I18: 350 | J18: 698 | K18: 13.7 | L18: 20.3 | M18: 26.7 | N18: 33.2 | O18: 41.2 | P18: 50.8 | Q18: N/D
B19: Fuente | C19: Catálogo HDPE 2.pdf - pág. 13. | F19: 24" | G19: 630 | H19: 945 | I19: 350 | J19: 741 | K19: 15.4 | L19: 22.8 | M19: 30 | N19: 37.4 | O19: 46.2 | P19: 57.2 | Q19: N/D
F20: 28" | G20: 710 | H20: 1065 | I20: 350 | J20: 792 | K20: 17.4 | L20: 25.7 | M20: 33.9 | N20: 42.1 | O20: 52.2 | P20: N/D | Q20: N/D
F21: 32" | G21: 800 | H21: 1200 | I21: 350 | J21: 847 | K21: 19.6 | L21: 29 | M21: 38.1 | N21: 47.4 | O21: 58.8 | P21: N/D | Q21: N/D
F22: 36" | G22: 900 | H22: 1350 | I22: 400 | J22: 960 | K22: 22 | L22: 32.6 | M22: 42.9 | N22: 53.3 | O22: N/D | P22: N/D | Q22: N/D
F23: 40" | G23: 1000 | H23: 1500 | I23: 400 | J23: 1022 | K23: 24.5 | L23: 36.2 | M23: 47.7 | N23: 59.3 | O23: N/D | P23: N/D | Q23: N/D
F24: 48" | G24: 1200 | H24: 1800 | I24: 400 | J24: 1146 | K24: 29.4 | L24: 43.4 | M24: 57.2 | N24: N/D | O24: N/D | P24: N/D | Q24: N/D
F25: 54" | G25: 1400 | H25: 2100 | I25: 400 | J25: 1270 | K25: 34.3 | L25: 50.6 | M25: N/D | N25: N/D | O25: N/D | P25: N/D | Q25: N/D
F26: 64" | G26: 1600 | H26: 2400 | I26: 400 | J26: 1394 | K26: 39.2 | L26: 57.9 | M26: N/D | N26: N/D | O26: N/D | P26: N/D | Q26: N/D

Sheet Codo 60
B1: CODO SEGMENTADO 60° - HDPE PE100
B3: Parámetro | C3: Valor | F3: DN equiv. | G3: DN mm | H3: R | I3: Le min | J3: Zmin | K3: PN4 | L3: PN6 | M3: PN8 | N3: PN10 | O3: PN12,5 | P3: PN16 | Q3: PN20
B4: Clase PN | C4: PN10 | F4: 4" | G4: 110 | H4: 165 | I4: 150 | J4: 245 | K4: 2.7 | L4: 4 | M4: 5.3 | N4: 6.6 | O4: 8.1 | P4: 10 | Q4: 12.3
B5: DN | C5: 110 | D5: mm | F5: 5" | G5: 125 | H5: 188 | I5: 150 | J5: 258 | K5: 3.1 | L5: 4.6 | M5: 6 | N5: 7.4 | O5: 9.2 | P5: 11.4 | Q5: 14
B6: R | C6: =VLOOKUP(C5,$G$4:$Q$26,2,FALSE) -> 165 | D6: mm | F6: 5 1/2" | G6: 140 | H6: 210 | I6: 150 | J6: 271 | K6: 3.5 | L6: 5.1 | M6: 6.7 | N6: 8.3 | O6: 10.3 | P6: 12.7 | Q6: 15.7
B7: Le | C7: =VLOOKUP(C5,$G$4:$Q$26,3,FALSE) -> 150 | D7: mm | F7: 6" | G7: 160 | H7: 240 | I7: 150 | J7: 288 | K7: 4 | L7: 5.8 | M7: 7.7 | N7: 9.5 | O7: 11.8 | P7: 14.6 | Q7: 17.9
B8: Z | C8: =VLOOKUP(C5,$G$4:$Q$26,4,FALSE) -> 245 | D8: mm | F8: 6" | G8: 180 | H8: 270 | I8: 150 | J8: 305 | K8: 4.4 | L8: 6.6 | M8: 8.6 | N8: 10.7 | O8: 13.3 | P8: 16.4 | Q8: 20.1
B9: e | C9: =IF(C4="PN4",VLOOKUP(C5,$G$4:$Q$26,5,FALSE),IF(C4="PN6",VLOOKUP(C5,$G$4:$Q$26,6,FALSE),IF(C4="PN8",VLOOKUP(C5,$G$4:$Q$26,7,FALSE),IF(C4="PN10",VLOOKUP(C5,$G$4:$Q$26,8,FALSE),IF(C4="PN12,5",VLOOKUP(C5,$G$4:$Q$26,9,FALSE),IF(C4="PN16",VLOOKUP(C5,$G$4:$Q$26,10,FALSE),VLOOKUP(C5,$G$4:$Q$26,11,FALSE))))))) -> 6.6 | F9: 8" | G9: 200 | H9: 300 | I9: 150 | J9: 323 | K9: 4.9 | L9: 7.3 | M9: 9.6 | N9: 11.9 | O9: 14.7 | P9: 18.2 | Q9: 22.4
B10: SDR | C10: =IF(C4="PN4",41,IF(C4="PN6",27.6,IF(C4="PN8",21,IF(C4="PN10",17,IF(C4="PN12,5",13.6,IF(C4="PN16",11,9)))))) -> 17 | D10: mm | F10: 8" | G10: 225 | H10: 338 | I10: 150 | J10: 345 | K10: 5.5 | L10: 8.2 | M10: 10.8 | N10: 13.4 | O10: 16.6 | P10: 20.5 | Q10: 25.2
B11: D int. | C11: =IF(ISNUMBER(C9),C5-2*C9,"N/D") -> 96.8 | F11: 10" | G11: 250 | H11: 375 | I11: 250 | J11: 466 | K11: 6.2 | L11: 9.1 | M11: 11.9 | N11: 14.8 | O11: 18.4 | P11: 22.7 | Q11: 27.9
B12: Configuración | C12: 15° - 30° - 15° | F12: 10" | G12: 280 | H12: 420 | I12: 250 | J12: 492 | K12: 6.9 | L12: 10.2 | M12: 13.4 | N12: 16.6 | O12: 20.6 | P12: 25.4 | Q12: 31.3
F13: 12" | G13: 315 | H13: 473 | I13: 300 | J13: 576 | K13: 7.7 | L13: 11.4 | M13: 15 | N13: 18.7 | O13: 23.2 | P13: 28.6 | Q13: 35.2
B14: NOTAS DE DISEÑO | F14: 14" | G14: 355 | H14: 533 | I14: 300 | J14: 608 | K14: 8.7 | L14: 12.9 | M14: 16.9 | N14: 21.1 | O14: 26.1 | P14: 32.2 | Q14: 39.7
B15: Radio | C15: r = 1,5 d según catálogo. | F15: 16" | G15: 400 | H15: 600 | I15: 300 | J15: 646 | K15: 9.8 | L15: 14.5 | M15: 19.1 | N15: 23.7 | O15: 29.4 | P15: 36.3 | Q15: 44.7
B16: Norma fitting | C16: DIN 16963 Parte 1. | F16: 18" | G16: 450 | H16: 675 | I16: 300 | J16: 689 | K16: 11 | L16: 16.3 | M16: 21.5 | N16: 26.7 | O16: 33.1 | P16: 40.9 | Q16: 50.3
B17: Norma tubería | C17: PE100 ISO 4427 / ISO 4065. | F17: 20" | G17: 500 | H17: 750 | I17: 350 | J17: 783 | K17: 12.3 | L17: 18.1 | M17: 23.9 | N17: 29.7 | O17: 36.8 | P17: 45.4 | Q17: 55.8
B18: Unión | C18: Codo segmentado para soldadura por termofusión. | F18: 22" | G18: 560 | H18: 840 | I18: 350 | J18: 835 | K18: 13.7 | L18: 20.3 | M18: 26.7 | N18: 33.2 | O18: 41.2 | P18: 50.8 | Q18: N/D
B19: Fuente | C19: Catálogo HDPE 2.pdf - pág. 12. | F19: 24" | G19: 630 | H19: 945 | I19: 350 | J19: 896 | K19: 15.4 | L19: 22.8 | M19: 30 | N19: 37.4 | O19: 46.2 | P19: 57.2 | Q19: N/D
F20: 28" | G20: 710 | H20: 1065 | I20: 350 | J20: 965 | K20: 17.4 | L20: 25.7 | M20: 33.9 | N20: 42.1 | O20: 52.2 | P20: N/D | Q20: N/D
F21: 32" | G21: 800 | H21: 1200 | I21: 350 | J21: 1043 | K21: 19.6 | L21: 29 | M21: 38.1 | N21: 47.4 | O21: 58.8 | P21: N/D | Q21: N/D
F22: 36" | G22: 900 | H22: 1350 | I22: 400 | J22: 1179 | K22: 22 | L22: 32.6 | M22: 42.9 | N22: 53.3 | O22: N/D | P22: N/D | Q22: N/D
F23: 40" | G23: 1000 | H23: 1500 | I23: 400 | J23: 1266 | K23: 24.5 | L23: 36.2 | M23: 47.7 | N23: 59.3 | O23: N/D | P23: N/D | Q23: N/D
F24: 48" | G24: 1200 | H24: 1800 | I24: 400 | J24: 1439 | K24: 29.4 | L24: 43.4 | M24: 57.2 | N24: N/D | O24: N/D | P24: N/D | Q24: N/D
F25: 54" | G25: 1400 | H25: 2100 | I25: 400 | J25: 1612 | K25: 34.3 | L25: 50.6 | M25: N/D | N25: N/D | O25: N/D | P25: N/D | Q25: N/D
F26: 64" | G26: 1600 | H26: 2400 | I26: 400 | J26: 1786 | K26: 39.2 | L26: 57.9 | M26: N/D | N26: N/D | O26: N/D | P26: N/D | Q26: N/D

Sheet Codo 90
B1: CODO SEGMENTADO 90° - HDPE PE100
B3: Parámetro | C3: Valor | F3: DN equiv. | G3: DN mm | H3: R | I3: Le min | J3: Zmin | K3: PN4 | L3: PN6 | M3: PN8 | N3: PN10 | O3: PN12,5 | P3: PN16 | Q3: PN20
B4: Clase PN | C4: PN10 | F4: 4" | G4: 110 | H4: 165 | I4: 150 | J4: 315 | K4: 2.7 | L4: 4 | M4: 5.3 | N4: 6.6 | O4: 8.1 | P4: 10 | Q4: 12.3
B5: DN | C5: 110 | D5: mm | F5: 5" | G5: 125 | H5: 188 | I5: 150 | J5: 338 | K5: 3.1 | L5: 4.6 | M5: 6 | N5: 7.4 | O5: 9.2 | P5: 11.4 | Q5: 14
B6: R | C6: =VLOOKUP(C5,$G$4:$Q$26,2,FALSE) -> 165 | D6: mm | F6: 5 1/2" | G6: 140 | H6: 210 | I6: 150 | J6: 360 | K6: 3.5 | L6: 5.1 | M6: 6.7 | N6: 8.3 | O6: 10.3 | P6: 12.7 | Q6: 15.7
B7: Le | C7: =VLOOKUP(C5,$G$4:$Q$26,3,FALSE) -> 150 | D7: mm | F7: 6" | G7: 160 | H7: 240 | I7: 150 | J7: 390 | K7: 4 | L7: 5.8 | M7: 7.7 | N7: 9.5 | O7: 11.8 | P7: 14.6 | Q7: 17.9
B8: Z | C8: =VLOOKUP(C5,$G$4:$Q$26,4,FALSE) -> 315 | D8: mm | F8: 6" | G8: 180 | H8: 270 | I8: 150 | J8: 420 | K8: 4.4 | L8: 6.6 | M8: 8.6 | N8: 10.7 | O8: 13.3 | P8: 16.4 | Q8: 20.1
B9: e | C9: =IF(C4="PN4",VLOOKUP(C5,$G$4:$Q$26,5,FALSE),IF(C4="PN6",VLOOKUP(C5,$G$4:$Q$26,6,FALSE),IF(C4="PN8",VLOOKUP(C5,$G$4:$Q$26,7,FALSE),IF(C4="PN10",VLOOKUP(C5,$G$4:$Q$26,8,FALSE),IF(C4="PN12,5",VLOOKUP(C5,$G$4:$Q$26,9,FALSE),IF(C4="PN16",VLOOKUP(C5,$G$4:$Q$26,10,FALSE),VLOOKUP(C5,$G$4:$Q$26,11,FALSE))))))) -> 6.6 | F9: 8" | G9: 200 | H9: 300 | I9: 150 | J9: 450 | K9: 4.9 | L9: 7.3 | M9: 9.6 | N9: 11.9 | O9: 14.7 | P9: 18.2 | Q9: 22.4
B10: SDR | C10: =IF(C4="PN4",41,IF(C4="PN6",27.6,IF(C4="PN8",21,IF(C4="PN10",17,IF(C4="PN12,5",13.6,IF(C4="PN16",11,9)))))) -> 17 | D10: mm | F10: 8" | G10: 225 | H10: 338 | I10: 150 | J10: 488 | K10: 5.5 | L10: 8.2 | M10: 10.8 | N10: 13.4 | O10: 16.6 | P10: 20.5 | Q10: 25.2
B11: D int. | C11: =IF(ISNUMBER(C9),C5-2*C9,"N/D") -> 96.8 | F11: 10" | G11: 250 | H11: 375 | I11: 250 | J11: 625 | K11: 6.2 | L11: 9.1 | M11: 11.9 | N11: 14.8 | O11: 18.4 | P11: 22.7 | Q11: 27.9
B12: Configuración | C12: 15° - 30° - 30° - 15° | F12: 10" | G12: 280 | H12: 420 | I12: 250 | J12: 670 | K12: 6.9 | L12: 10.2 | M12: 13.4 | N12: 16.6 | O12: 20.6 | P12: 25.4 | Q12: 31.3
F13: 12" | G13: 315 | H13: 473 | I13: 300 | J13: 773 | K13: 7.7 | L13: 11.4 | M13: 15 | N13: 18.7 | O13: 23.2 | P13: 28.6 | Q13: 35.2
B14: NOTAS DE DISEÑO | F14: 14" | G14: 355 | H14: 533 | I14: 300 | J14: 833 | K14: 8.7 | L14: 12.9 | M14: 16.9 | N14: 21.1 | O14: 26.1 | P14: 32.2 | Q14: 39.7
B15: Radio | C15: r = 1,5 d según catálogo. | F15: 16" | G15: 400 | H15: 600 | I15: 300 | J15: 900 | K15: 9.8 | L15: 14.5 | M15: 19.1 | N15: 23.7 | O15: 29.4 | P15: 36.3 | Q15: 44.7
B16: Norma fitting | C16: DIN 16963 Parte 1. | F16: 18" | G16: 450 | H16: 675 | I16: 300 | J16: 975 | K16: 11 | L16: 16.3 | M16: 21.5 | N16: 26.7 | O16: 33.1 | P16: 40.9 | Q16: 50.3
B17: Norma tubería | C17: PE100 ISO 4427 / ISO 4065. | F17: 20" | G17: 500 | H17: 750 | I17: 350 | J17: 1100 | K17: 12.3 | L17: 18.1 | M17: 23.9 | N17: 29.7 | O17: 36.8 | P17: 45.4 | Q17: 55.8
B18: Unión | C18: Codo segmentado para soldadura por termofusión. | F18: 22" | G18: 560 | H18: 840 | I18: 350 | J18: 1190 | K18: 13.7 | L18: 20.3 | M18: 26.7 | N18: 33.2 | O18: 41.2 | P18: 50.8 | Q18: N/D
B19: Fuente | C19: Catálogo HDPE 2.pdf - pág. 12. | F19: 24" | G19: 630 | H19: 945 | I19: 350 | J19: 1295 | K19: 15.4 | L19: 22.8 | M19: 30 | N19: 37.4 | O19: 46.2 | P19: 57.2 | Q19: N/D
F20: 28" | G20: 710 | H20: 1065 | I20: 350 | J20: 1415 | K20: 17.4 | L20: 25.7 | M20: 33.9 | N20: 42.1 | O20: 52.2 | P20: N/D | Q20: N/D
F21: 32" | G21: 800 | H21: 1200 | I21: 350 | J21: 1550 | K21: 19.6 | L21: 29 | M21: 38.1 | N21: 47.4 | O21: 58.8 | P21: N/D | Q21: N/D
F22: 36" | G22: 900 | H22: 1350 | I22: 400 | J22: 1750 | K22: 22 | L22: 32.6 | M22: 42.9 | N22: 53.3 | O22: N/D | P22: N/D | Q22: N/D
F23: 40" | G23: 1000 | H23: 1500 | I23: 400 | J23: 1900 | K23: 24.5 | L23: 36.2 | M23: 47.7 | N23: 59.3 | O23: N/D | P23: N/D | Q23: N/D
F24: 48" | G24: 1200 | H24: 1800 | I24: 400 | J24: 2200 | K24: 29.4 | L24: 43.4 | M24: 57.2 | N24: N/D | O24: N/D | P24: N/D | Q24: N/D
F25: 54" | G25: 1400 | H25: 2100 | I25: 400 | J25: 2500 | K25: 34.3 | L25: 50.6 | M25: N/D | N25: N/D | O25: N/D | P25: N/D | Q25: N/D
F26: 64" | G26: 1600 | H26: 2400 | I26: 400 | J26: 2800 | K26: 39.2 | L26: 57.9 | M26: N/D | N26: N/D | O26: N/D | P26: N/D | Q26: N/D
